rating,fav_genre,cast,advertising,length,score
9.299108175,0.410162829,0.270272621,1.56169228,176.6650472,2.837783482
9.605082392,0.912374963,0.822203573,1.582405853,60.65404076,3.883850112
1.651400534,0.345781682,0.996483577,3.54533344,169.6776567,2.416263115
5.868883231,0.297436757,0.729469927,4.643632116,160.9842619,3.143339521
1.142140218,0.557121035,0.214476881,3.547079218,179.9083221,1.182176007
3.534510375,0.407004233,0.350618908,4.809647862,161.8008101,1.924451499
6.27016676,0.695208857,0.280690448,2.453334818,126.7157988,2.841350001
4.991767814,0.939472807,0.959395608,2.537712319,64.93377486,3.363578786
8.189101191,0.126276457,0.44128469,1.964889733,160.0775167,3.646848527
6.000216028,0.151780122,0.788524675,4.005434387,152.9624226,3.467065598
0.076803154,0.564245032,0.456915511,1.386423634,117.4891871,0.548188045
5.098682939,0.35234037,0.360525838,3.988181233,88.30682081,2.388592568
0.755460309,0.602154616,0.242356723,1.086394511,125.7828678,1.189416237
5.299931204,0.503062824,0.393928082,1.468856302,119.640749,1.920090054
5.692931518,0.342892024,0.727028921,1.922050345,76.77799008,3.294610168
6.218941517,0.591391287,0.156145376,1.94726699,63.05416852,2.102843314
7.301282968,0.48502718,0.936354313,4.793069481,153.371701,3.762729755
1.151334502,0.912234155,0.794645915,2.491167476,164.9644535,1.735028498
7.313956315,0.045898614,0.723960968,4.869864158,129.9305387,4.004241697
9.359402474,0.732232825,0.151362206,3.3579921,132.7722746,3.871109138
0.066832565,0.75555692,0.844274119,4.86351973,117.7463759,2.33151899
1.909387728,0.101270006,0.153368295,1.952992361,88.04525222,1.236188646
6.983928043,0.560315281,0.651841812,4.410304568,124.7573819,3.537074227
8.438479816,0.914322063,0.29205787,3.695777864,166.8039964,3.501867182
4.677901543,0.508433772,0.865353856,4.165339781,60.43349079,3.718335893
8.288401109,0.146330894,0.192215507,4.469506103,144.9656413,3.149895022
4.164300009,0.274252975,0.146707349,3.948771876,161.6370174,2.410055776
3.636560664,0.542276452,0.543167936,3.340091285,78.68102098,2.1768599
5.321143782,0.40380609,0.209514601,3.249597246,71.24836346,2.613263149
7.301569792,0.545942086,0.756269394,1.807719663,117.4972748,3.358886747
0.43985859,0.230369357,0.240809088,2.404590627,88.49388962,0.601091886
7.599433851,0.393365802,0.840246957,3.759996778,159.0714641,3.803322906
2.665035467,0.138972052,0.026628172,4.723921671,92.76114922,1.631952814
6.432673094,0.644425413,0.955470801,4.067115234,162.7470505,3.597571092
7.164737018,0.667706429,0.016273202,1.767204569,105.6374488,1.937076142
8.723923444,0.504240494,0.719562065,1.396962442,133.2369033,3.538958432
2.533936363,0.722795608,0.04376108,2.293481873,80.1064187,1.333366455
3.255220449,0.202764736,0.719286614,4.002239662,132.1941639,2.895245576
7.380110832,0.103979494,0.943236731,2.954177465,99.95304553,3.830204918
9.088330614,0.556803727,0.712066935,4.342800522,129.7943625,4.133996756
6.187437319,0.735093902,0.142263926,1.290745238,147.1567894,1.986804964
0.246545203,0.108484124,0.663272359,3.193105487,177.278807,1.599444186
7.612652768,0.418929203,0.544554373,1.10253134,138.0560873,2.987663784
2.791769002,0.105120624,0.959632848,4.909962779,157.9538096,2.347057444
9.367666757,0.49733605,0.184198592,4.405538115,88.12835893,3.145832696
1.991979661,0.315478657,0.58867837,4.393361345,152.6715612,2.046004768
3.64125675,0.414480275,0.450681395,1.834446643,137.973635,2.257361931
6.00695482,0.701901312,0.090256319,1.857405782,162.7679232,2.195646538
4.86147437,0.303841564,0.259697266,2.379749154,118.1649102,2.482202123
7.639281767,0.702999208,0.341523862,2.195078257,84.17560214,2.755448637
8.016292637,0.111949919,0.948600338,2.468475919,111.1801909,3.323917034
2.470327172,0.834699392,0.564068859,4.133721495,169.8720114,1.662940539
3.587935721,0.596601389,0.910788964,1.87187675,149.4444206,2.304743123
1.155231057,0.56582416,0.485933047,1.974510938,167.3543552,1.717172668
1.812718767,0.097597457,0.168000566,3.265076643,115.5856379,1.235186063
5.345936927,0.807199469,0.485571875,1.933697262,124.5245192,2.17565346
0.450515445,0.077538797,0.105488211,1.066785466,157.9189671,0.148119401
2.03240511,0.776694818,0.20866956,1.296677045,125.3734636,1.579869476
7.561288105,0.300581584,0.90301877,1.94737811,179.5049744,3.23294088
9.022715064,0.849480022,0.969796178,3.005171607,99.89857211,4.215470624
4.85027566,0.797849137,0.967552644,4.242521469,138.6174591,3.890205906
5.681700725,0.291966407,0.447378989,1.577173362,137.5505962,2.494942654
5.14204968,0.303493166,0.385622747,4.426720265,102.6877871,1.763586862
3.789442442,0.415847809,0.638177774,4.387034464,87.65174494,2.479049666
5.491151679,0.034703528,0.463450703,4.022828844,63.60232333,2.518973777
0.673152762,0.799097564,0.935298982,1.89517562,177.2980431,2.317938857
8.07209137,0.928473442,0.925365284,1.245219617,70.71780223,4.093586055
7.136370336,0.325932431,0.341888712,1.17978986,176.3235341,2.377927189
2.035198099,0.322328881,0.253472278,1.718075007,100.879078,1.464764637
4.028922291,0.396091984,0.386303897,4.307385025,130.319558,2.017291499
2.976696751,0.991605791,0.773975089,2.538075279,92.97446631,2.334409063
5.58954671,0.664059951,0.506705391,2.919911749,96.91773954,2.576659961
4.53965903,0.02900584,0.600224419,2.249668011,89.38933834,1.805750681
6.499587197,0.9619996,0.733207432,2.905904889,144.9261986,3.4573293
9.755655849,0.015991535,0.994507724,3.089363277,151.3420809,4.460046119
6.48239418,0.093130697,0.793105063,2.151211891,131.6197646,3.301809643
2.915532246,0.357203486,0.264522197,2.202858111,86.34217714,1.587428848
5.653109404,0.096085372,0.237748681,4.412984904,135.1434842,1.867528639
7.180395792,0.604181085,0.613702594,2.902188214,122.5775533,3.313789693
8.866830072,0.512497144,0.734593132,3.243253103,111.7206719,4.098519955
9.062839252,0.327828086,0.787517919,2.616086047,146.0504393,4.046471299
3.20101587,0.005844327,0.446914337,3.769300639,79.03937493,2.735289205
1.760769541,0.192082182,0.971213279,4.940838519,102.4090013,3.033098159
4.804618632,0.01138187,0.694407753,2.8767585,136.5590091,2.853948844
3.696013366,0.241462976,0.703577615,4.586158676,76.65465363,2.6867495
3.792796505,0.494268174,0.18171835,1.792792733,156.6255452,0.987925196
3.653054324,0.480132453,0.271810262,4.719921493,125.743149,1.824967513
0.699204562,0.574808293,0.697769986,3.289834987,92.83012915,2.00466274
3.962569382,0.700182014,0.167507546,2.758212298,77.9375119,1.732180443
8.723304522,0.704314424,0.8023036,2.008082066,139.3806678,4.132161489
8.159462585,0.334819474,0.781194834,2.8012577,171.7060344,3.842633813
2.816106193,0.82244467,0.244258133,1.064921678,160.8434879,0.923592521
8.54711912,0.334139048,0.030666782,2.147308827,179.0181735,2.733223701
7.764337036,0.72796023,0.07430587,4.382256099,103.8399978,2.932470542
6.370761385,0.128244158,0.633474956,1.804066378,171.7319499,2.869525405
7.508712296,0.14990741,0.744022669,2.471000952,83.46234732,3.290423314
4.068581839,0.700551945,0.059768876,3.286106924,68.24568138,1.52504256
5.506040088,0.014296042,0.820590255,1.178854261,156.9714866,3.158977815
9.097548323,0.356322689,0.765698372,4.937820622,71.52504423,4.298581649
4.751220001,0.446574297,0.602136324,4.82040805,92.020559,3.015631767
9.076600013,0.968463804,0.067197623,4.357159823,114.282599,3.057652919
9.512099628,0.99230356,0.996873278,4.903059324,155.422702,4.327221219
6.477671453,0.227591945,0.011183987,1.585111158,123.4918634,2.458582904
8.969941712,0.122443908,0.231644682,2.310563451,60.35300996,2.46463288
5.357010263,0.197074386,0.031193083,4.393002192,124.4769858,2.232698428
5.754872223,0.610686707,0.704754657,1.673923364,134.2679654,2.471550085
9.004574509,0.086685074,0.704026109,2.546191794,167.4812817,3.349478422
6.008242226,0.010401334,0.74539661,1.982023118,164.7988824,3.28213629
3.313811077,0.013280545,0.8234039,2.659233321,122.6286866,2.86214654
2.33142538,0.833933036,0.947133967,3.254849548,96.13636895,2.400251888
3.17807868,0.140545389,0.314959635,1.05969708,93.19103446,1.047388929
4.357093242,0.91479177,0.034333368,1.312587355,83.49157462,1.39431654
4.91100136,0.311237955,0.779861099,4.757845139,97.14868169,3.001850243
8.908245025,0.305721962,0.286680097,2.907747749,104.8264281,2.722171447
6.386593543,0.257139947,0.089925312,2.651706716,154.6227661,1.370545181
6.881928989,0.482688143,0.739720712,2.727252631,103.4442125,3.399245462
1.294295349,0.601930936,0.174324099,3.744501623,153.9657122,1.085057598
2.457206167,0.4540693,0.007994125,1.590540712,156.7700662,0.517200048
5.374096193,0.993983454,0.915294922,3.40466527,88.49969245,2.941476871
1.187648567,0.568126687,0.581080401,1.479606046,178.9115896,1.525234785
9.131311819,0.591521096,0.447885681,3.015872098,64.72980746,3.036361286
3.881356495,0.64430123,0.24016018,2.044937573,136.2726749,1.603976951
5.648457111,0.836118301,0.765983181,3.344471108,149.6457704,3.139872439
2.244468552,0.317496743,0.97124479,3.064119716,135.2376709,2.73931905
9.646039155,0.565248243,0.551683102,1.853678498,132.2208565,3.382224937
0.26518271,0.763095563,0.845727738,3.2692713,139.3109846,1.567805608
4.518568104,0.061769129,0.991649813,3.71776322,151.0211913,3.204313427
6.861989506,0.384500152,0.959755459,3.80268431,127.2638725,3.652055659
4.653821902,0.171896424,0.069056346,1.692851512,69.31750871,1.766488636
0.821620077,0.403941614,0.094947503,2.685426416,154.2776886,0.51571485
9.605289926,0.09025001,0.254077792,1.429460274,112.5697185,2.928842193
4.184705128,0.51016494,0.330741614,3.585820583,126.2000118,2.583394482
9.730598751,0.656605692,0.705284372,2.818292048,172.9087961,4.124086094
6.906063614,0.446082917,0.827709484,2.648173717,172.0911289,3.304013585
4.808740007,0.612905363,0.592477268,1.603118003,130.2577303,2.883812071
9.171710931,0.301487396,0.934813168,2.722718466,130.3518901,3.886415811
7.347737726,0.89592778,0.61262393,3.867246329,165.4940075,3.517597546
5.609966871,0.722878738,0.729801398,4.412730508,101.1340954,3.444224985
7.306093787,0.273251196,0.623945575,4.669117645,129.251483,3.145583982
7.450193496,0.553509676,0.898123906,3.396682002,108.0863627,3.753759234
9.887856358,0.3758879,0.386607165,3.200315867,170.350052,3.453090348
2.523511686,0.471518025,0.460475558,3.752859989,93.71698281,1.755506137
8.633552451,0.210301371,0.546823498,4.121051411,91.17617165,3.437149378
3.781194434,0.371277264,0.473173306,3.179629168,79.04853707,2.080026581
4.946428365,0.789108887,0.70813063,1.391806999,148.8888106,2.170089559
0.197924215,0.987125982,0.352670366,4.975119174,148.8485123,1.683162719
1.417013752,0.742853055,0.040381666,3.231227365,108.5874705,0.306015216
7.11067704,0.50741978,0.228937693,1.442578434,131.8725727,2.073991722
9.033045537,0.687587532,0.339958683,3.719821068,144.2262038,3.712161624
3.927697554,0.890990199,0.752228044,1.994592255,64.26105364,2.559845369
9.817949534,0.4129001,0.334294055,2.61582855,177.0939574,3.781130007
0.831105645,0.986684702,0.616265241,2.251770532,173.7952738,1.607988694
1.893649832,0.153319809,0.595621775,3.111189607,160.0334741,1.951625262
7.297125737,0.489850234,0.500512171,1.382613855,157.8605004,2.805723616
5.398216772,0.567668498,0.783770904,1.574449432,110.0675149,2.574097693
5.408775788,0.08701338,0.363160668,4.34897795,96.81057596,2.431204802
2.619802625,0.934273932,0.361658485,4.274302313,105.3101453,1.999792975
0.958884733,0.429358764,0.114396872,4.051034293,139.8901558,0.668604143
0.001094857,0.658035288,0.250414083,1.453639657,110.8067856,1.448301202
6.457712485,0.844892685,0.963028314,4.401004535,132.6398351,4.260694072
2.453283716,0.009984831,0.829164134,3.632951997,65.1735523,2.174383435
9.771543129,0.625872099,0.791705835,1.53959773,154.6383764,3.568981191
0.42210883,0.11089524,0.433874729,4.59708048,120.3440676,0.96716782
7.84614867,0.855371891,0.104038725,4.600050064,120.871973,3.21607343
2.018270814,0.125061992,0.549415418,3.269455379,138.8367024,1.824985472
5.867342677,0.35378093,0.639614803,1.758399092,90.80726521,2.416567226
8.221334568,0.835703331,0.590067047,4.921166848,99.22765745,3.68510629
7.006718236,0.329253063,0.36597778,3.373851145,124.7149809,2.815068825
3.701610824,0.293027984,0.014331537,3.168389951,176.4292884,1.306984456
5.094414401,0.926092292,0.722614237,3.109006102,84.58297536,3.105610329
2.789282154,0.618809727,0.74528237,1.377266686,133.2026268,2.316406934
2.441476792,0.807348097,0.417726257,1.801002484,148.3838851,1.018219497
0.189304312,0.215549788,0.895390297,1.345628375,142.7638324,1.593357617
1.375952841,0.080494375,0.014981396,1.967433045,165.8397531,0.487852485
5.793217849,0.09618282,0.945507326,3.891616668,127.0578515,3.392528858
3.874424903,0.28739793,0.61957354,3.656651505,145.8408916,2.421697846
3.981483694,0.247624033,0.677401468,1.03172701,63.7858967,2.06857778
5.483702567,0.673281884,0.455533209,1.069461121,119.3153258,2.734940281
6.009455282,0.310203538,0.79741381,1.949955529,61.49443984,3.872947593
8.716895774,0.778870859,0.633847174,2.483062543,137.3429692,3.627607286
6.495098005,0.223908206,0.148420942,1.497815991,152.0417654,2.595472932
8.596477361,0.251536114,0.139842417,3.172224456,117.0659773,1.736122038
4.100504945,0.788061682,0.47140007,4.066458806,64.16086001,2.366225871
2.164266359,0.021700192,0.10847201,2.66389841,152.6528971,0.575581694
0.31550736,0.177228304,0.360142771,1.255529615,64.48461135,0.456553306
0.228877409,0.920354882,0.225341286,1.947896961,165.6034632,1.163941836
1.203774301,0.865699831,0.950593909,4.245472366,93.60659204,2.034551833
9.324309792,0.878985975,0.45540593,3.102528542,150.1123731,3.583299766
1.783058249,0.701472391,0.955180553,1.744368471,138.2512167,2.466944258
1.819492905,0.549867653,0.282035965,4.037638006,81.17189288,1.668377669
2.000114256,0.652177897,0.171511133,2.231474708,89.22566924,1.05305082
0.99059873,0.482303562,0.676239633,3.112959247,129.7075579,1.217114997
1.705285216,0.873546804,0.854918068,3.686461628,78.09423691,2.582517533
3.663811805,0.930075756,0.227178433,2.193796292,144.3823478,1.340217786
8.743852871,0.87239617,0.541604483,1.172306105,66.70115584,3.2345267
4.09094048,0.046561667,0.589666886,3.059498641,95.9588259,2.653684419
3.624503281,0.103137272,0.037974919,4.658138427,82.09321122,2.208549318
0.267393695,0.492690734,0.849785518,1.785287708,178.1883287,1.390028103
7.403832962,0.629951053,0.654285529,2.533847416,126.4613434,3.335500624
0.449315178,0.303184131,0.542251906,1.126409957,105.3435172,0.805837204
5.363963841,0.49807795,0.133510761,1.717479289,75.94521316,1.766239763
4.785244885,0.651385321,0.509135542,4.182613193,125.7182492,2.696477055
5.298577487,0.747802416,0.500170721,3.043252095,155.7655179,2.719469509
3.544904486,0.375124072,0.685516489,1.98192529,154.8752078,2.275554891
5.447275389,0.51392095,0.7854363,3.435192819,67.69179395,3.362654999
0.849568399,0.76820596,0.597464649,3.235564231,88.66760346,1.507136389
5.193518754,0.63800533,0.346960089,2.284025799,86.4647427,2.190225908
2.740395474,0.394466827,0.519965143,2.809908015,100.6773063,2.035012663
0.485065849,0.451384001,0.386777961,1.154647384,155.9192195,0.087269935
3.045357659,0.619084699,0.959900684,3.633930559,179.8733038,2.424064989
3.940754809,0.250252423,0.087132459,3.032011179,76.5457624,1.444084959
1.708386924,0.999835317,0.925054158,1.465781972,106.5187058,2.603551113
3.865815773,0.18089813,0.715803578,2.438030567,64.12924575,2.417109332
6.48482467,0.7419263,0.954235535,4.409667887,154.8745748,3.416851911
8.455635886,0.34544489,0.131993442,3.439479366,139.766294,2.482152876
3.715670668,0.312039648,0.72366257,4.157366637,135.9632692,2.301701625
4.357065318,0.506282566,0.467592057,3.462606613,156.5624048,2.320398736
0.087010708,0.171493193,0.410355007,3.071751869,169.632649,1.190752676
7.712606055,0.928479777,0.667834684,1.563363198,98.08923831,3.766720112
6.910592507,0.807383813,0.244540052,1.552570595,88.14504564,2.667602607
1.263673329,0.425749202,0.713649015,3.702868662,159.6215439,2.18184734
6.845133111,0.594136916,0.232509455,4.469526837,121.6732828,2.587611177
7.494277585,0.387355079,0.119314098,4.153379492,101.1047658,2.499035802
6.063991071,0.661385292,0.139476624,1.518801112,144.1030883,2.057847068
1.906284016,0.863149179,0.290054489,1.788655998,131.5937176,1.078704795
3.752891246,0.210733662,0.793723735,4.303015052,77.23287277,2.900806353
9.422682899,0.645576292,0.679864885,3.87597991,113.3803999,4.323070467
1.079426045,0.227310404,0.172179753,1.811118817,147.0183523,0.795881342
4.605695278,0.517553495,0.164471426,3.72079928,86.71691345,2.021576581
2.915939441,0.366510212,0.171752404,1.939747134,72.42926609,1.393446107
3.014072434,0.582346041,0.86314376,3.550660003,75.04196612,2.761021058
2.204118179,0.263056506,0.097375802,3.376071347,160.1253803,0.879947014
7.157346625,0.417200551,0.46057386,4.369696457,134.6870391,3.03538989
4.792769805,0.910694137,0.45223529,2.328552282,161.1852195,2.271202169
3.657993889,0.434495568,0.059043177,1.512420776,110.1557722,1.540159371
3.552373688,0.66557138,0.492327765,4.335940661,155.4847675,2.232876304
3.578428748,0.114781275,0.616073281,3.978493981,79.19861839,2.577927413
8.589182428,0.102478873,0.017032984,1.331520469,64.59082277,1.910277355
6.637311584,0.583700937,0.547805581,1.661472776,168.0920124,3.362288431
2.83722355,0.20157905,0.603836591,4.646823701,153.2870858,2.444567717
3.538330109,0.985558229,0.475462078,4.21628099,134.7569621,2.258863243
8.479792238,0.117859158,0.497103001,4.274512352,67.43747316,3.129936299
0.448755092,0.63342776,0.967877108,3.8691763,72.86348766,2.402114617
3.076405532,0.710008461,0.909229881,2.544929255,116.5078431,2.777674322
9.215107123,0.042958663,0.001602351,3.512236117,159.0582909,2.865654507
5.765911329,0.437056329,0.925981527,1.585868808,110.4215049,2.871278442
4.921217022,0.413661957,0.701135103,2.559939257,119.2948708,3.107885675
4.680494379,0.357913875,0.930469385,3.335529587,107.1355983,2.782857838
0.050925475,0.925652025,0.625808508,2.655271832,85.51432793,2.10535309
8.978348016,0.834097091,0.525579442,2.575951909,152.8993879,3.834767275
3.361619018,0.698587174,0.043184447,1.714574607,169.6627855,1.267685185
5.699310601,0.758613262,0.657495608,1.049594376,111.425618,2.87221917
7.466518017,0.222827537,0.409853241,2.479522964,139.5928134,2.824716535
8.894314881,0.984083802,0.923208903,2.884424307,63.06367605,4.266511445
8.575318042,0.065297451,0.518758225,4.165123607,165.548846,3.882167261
6.284569843,0.313783617,0.438267826,4.494906833,89.16040758,2.470350031
8.985424939,0.974169119,0.209071289,2.455520917,160.2328205,2.896126255
7.421256491,0.314920691,0.798729431,3.445191956,153.6978909,4.017397578
3.36402112,0.052872974,0.729549907,1.52085245,157.9933239,1.848799745
5.472001083,0.917886846,0.949511494,4.772040175,159.317361,3.966451753
4.148513317,0.45601855,0.775484872,4.518720138,85.80129255,3.05798093
6.547302567,0.819798848,0.43391198,3.289554942,173.4067597,2.933725666
5.068127684,0.003110925,0.061907053,4.082035757,178.2329508,1.5770629
4.296003032,0.443881874,0.963438506,2.69048643,128.6533147,2.830910496
4.856804292,0.599922947,0.531118753,4.56423025,168.5959434,2.880927399
5.644580094,0.879530241,0.106087363,2.230350972,147.4924584,2.532984287
8.651560742,0.08868263,0.325187972,3.413001531,161.824046,3.284626617
5.759733521,0.511025989,0.046490604,1.195524062,107.1527665,1.397070342
2.850219847,0.098957381,0.071552704,4.748888991,163.3171828,1.60093132
6.901534864,0.940096911,0.120308046,2.183518935,117.9029605,1.984810674
7.682668289,0.107728196,0.93020069,3.802893285,103.8869271,4.564235789
5.841156124,0.281835865,0.050180302,3.395837097,123.8343358,1.804921246
2.202446051,0.997693138,0.322910048,3.705695572,85.49813663,1.768606089
0.931205964,0.090221412,0.516290024,4.595183874,123.7801397,2.160566429
6.226827206,0.741526415,0.915941587,1.465066986,168.3419413,3.863749512
7.280074334,0.62666764,0.466042006,3.401793209,64.56531048,3.054434599
0.400661204,0.650936651,0.361605651,4.530078462,137.2741746,1.418553008
4.975179917,0.407385051,0.667860576,2.254567927,119.6952111,2.562501382
3.596497628,0.462866813,0.467187279,2.060629893,166.6843224,2.250971403
0.651286424,0.578708806,0.733095564,2.400805776,92.9209936,1.848362924
3.633134814,0.571341022,0.071968509,2.681113059,123.8162113,1.673382839
4.3779239,0.631837619,0.338050421,2.620078599,93.23147864,2.064596929
8.153272232,0.583874274,0.704624374,1.781104946,134.6872163,3.194464234
1.192861002,0.447707442,0.948381479,2.911607914,171.4372591,2.097137945
1.301197419,0.791457033,0.135962655,4.282906928,131.5771048,1.349414102
7.904662489,0.053739878,0.764877263,1.257556232,171.2125075,3.242138369
7.245850114,0.81966596,0.133899813,2.816246009,133.6756405,2.798279447
1.420264936,0.585149513,0.536369877,4.201014814,121.8567639,1.843859998
7.363086047,0.586391911,0.987994486,1.062200514,104.2666916,3.554496333
3.279433975,0.897835487,0.699884802,4.792340539,139.8299018,2.497224661
8.343933869,0.237947831,0.89523224,2.03549004,64.4560056,3.821873986
7.49028084,0.775509368,0.242021796,3.73937844,76.47831524,2.603561058
5.551861776,0.219370097,0.965372675,1.931608662,105.2922487,3.794141506
1.302335286,0.757666708,0.357825201,3.769075018,117.7714833,1.767213123
9.627029223,0.206171362,0.488398903,4.249470965,77.84018924,3.839965215
5.667636703,0.143970312,0.443603338,1.826850602,68.99008709,2.394052902
8.869994698,0.892264659,0.510500521,2.377028786,134.6991674,3.057549057
0.74177398,0.571199688,0.877688544,1.79977941,88.37212701,1.906799864
8.272233907,0.45050986,0.450242321,1.587206916,87.54460463,2.969016911
6.74014496,0.885553147,0.121155313,2.434342451,172.0894041,1.666722755
8.45506349,0.82505891,0.75064616,1.637265383,85.60429329,4.176516785
8.287338408,0.790168428,0.158128598,2.384937304,177.6473062,2.948548972
1.683432356,0.878767056,0.759869809,2.335462498,88.99054185,2.611151631
6.181833166,0.99910576,0.411729331,1.836544011,105.207815,2.634081135
5.299311316,0.820319094,0.271654893,4.702213821,160.2454921,2.912543861
0.140816514,0.587543138,0.106903976,3.973953447,133.9211796,1.121834452
7.358927881,0.118977323,0.359188738,1.147301726,67.8090667,3.180327913
3.048410319,0.179639109,0.687071405,4.811018707,149.5509344,2.110485039
0.511333951,0.727886005,0.111027854,3.962335237,94.58498036,0.569713976
3.726099862,0.346188039,0.49085616,1.818665184,164.2520987,1.88877692
2.493347717,0.667815263,0.640864075,2.8873463,149.827411,2.248591403
2.77711651,0.076910043,0.102929932,1.782546798,95.93947729,0.866432068
7.682418046,0.457732598,0.889097105,3.846709297,141.7536963,3.604247178
3.762496845,0.784963868,0.323112124,1.937587269,73.21656524,1.287960474
7.266788508,0.804914704,0.725045815,1.293509258,77.26852772,3.700412158
6.198969054,0.330478781,0.847695388,4.271124347,124.6638746,3.171373228
5.277333303,0.698753124,0.678545178,1.140509278,116.6460714,3.042697574
2.589141178,0.64068734,0.129246817,4.816524566,60.65956023,2.148943466
2.263569024,0.602545558,0.151844107,3.466506093,124.7133878,1.9624494
8.013329408,0.792199494,0.891174956,2.38219665,72.38876919,4.352330957
4.538985636,0.442029587,0.209843349,4.335169611,132.918867,2.364686669
0.25359334,0.166465453,0.460739597,4.649219973,116.1448495,1.379493951
6.394525593,0.150358303,0.469567055,1.665360342,147.222278,2.696314904
3.21223285,0.589059692,0.508794856,3.528255786,139.9454506,2.090702862
2.861154343,0.084036875,0.756471439,4.782157545,89.77829179,2.483371304
2.288623275,0.048639862,0.025223386,4.992987994,142.6023307,1.30830613
9.508779055,0.103989284,0.577858095,4.044175399,98.58120411,4.205808757
2.511055099,0.308854092,0.448755081,3.768295546,148.3220426,1.470623517
7.25484866,0.189051521,0.399730293,3.305155014,139.3847629,2.848182002
6.448636345,0.773755028,0.303551593,4.878348699,116.7917139,2.60097731
8.884904448,0.289126033,0.288516517,1.089103929,103.3375668,3.182573405
6.336207493,0.142279216,0.722626495,1.901646363,77.30549708,2.892005633
7.561479021,0.17498216,0.80096855,1.991547683,123.548404,3.240027621
1.411172395,0.483042973,0.231579851,2.469454152,157.037494,1.163622003
7.171845032,0.90681197,0.637829767,4.406643901,104.9858552,3.540952121
2.939229597,0.105949774,0.149002872,1.324950844,89.82787842,1.565271346
0.200360753,0.686735043,0.905926511,3.109112508,103.0423954,1.899183973
6.010538273,0.988351302,0.846799751,3.828098386,64.35445489,3.588149509
5.344114261,0.010042326,0.210277717,4.169840274,79.03711957,2.452834603
0.942067556,0.800068925,0.710865837,3.018835129,164.4474025,1.952613387
1.484291657,0.898444197,0.756354693,3.951193228,145.6362753,2.282692538
4.598154502,0.237553658,0.945705436,3.564754391,84.77615377,2.578288882
9.451989379,0.058836703,0.362448942,4.614333899,122.4910175,3.531778946
2.795619294,0.954195139,0.668835627,3.224516861,75.74377997,2.001932076
7.17227145,0.220361776,0.859741315,1.402508432,85.74721696,3.24328227
0.823604867,0.469354685,0.374125011,4.868331156,152.1693022,1.236862973
6.151318613,0.222273462,0.634119104,4.153846717,71.229318,3.162351842
8.175661568,0.472423898,0.056290738,4.97458172,89.10366538,3.123054756
1.924350751,0.815413701,0.854196224,2.450144744,84.73617676,2.101769916
2.262605744,0.019530258,0.820542498,4.674450514,100.518353,2.738305202
2.160874391,0.909155217,0.460794287,3.654325586,170.8598005,1.982702714
5.021199395,0.23139246,0.494816019,4.40915647,84.02034163,3.008688188
3.863865827,0.206111405,0.864926195,4.865492333,99.07771869,2.976424096
7.001203772,0.615965508,0.336874799,1.648531396,117.8201793,2.438479473
9.570233411,0.350705864,0.3137284,1.425714618,100.5952651,2.426074118
4.131447254,0.123008965,0.349442852,2.389494528,176.3421115,1.839557909
0.757367813,0.763496692,0.281810369,4.79215122,174.9603931,1.817216776
1.304511063,0.983767395,0.707037652,4.052469853,127.2374577,1.922170119
5.481508894,0.648339899,0.655404066,4.350681447,133.6205039,3.210769377
5.853133028,0.391074211,0.310985541,1.323513609,128.5294854,1.697710208
6.224388084,0.353044606,0.358083888,3.356121778,133.476642,2.842866624
5.459313257,0.760255762,0.445920682,1.672750069,118.6265545,2.425675393
2.046122265,0.582543486,0.500654253,3.810156905,165.0535619,1.855411073
6.993701963,0.091750112,0.788522184,2.03214729,179.9271201,3.526493811
9.986311918,0.569303594,0.91687685,1.699952976,130.5507626,4.300652264
8.632320405,0.037474404,0.953375149,4.354675786,120.4611822,4.71301731
8.206624684,0.788685787,0.934879355,4.064727824,66.74278722,4.166651406
1.896759053,0.469952215,0.762041985,3.600457181,121.0771705,2.082006193
1.871462715,0.5765961,0.298831459,2.427839941,162.951503,1.160598498
7.608286904,0.456172115,0.625860644,1.175068089,119.6288887,3.172610729
0.151613713,0.45255582,0.592199442,3.257804584,159.5028488,1.243551452
4.811291575,0.608228665,0.603528848,2.331739956,138.0840847,2.269627484
7.18548764,0.544250722,0.319907619,2.418848413,177.544152,2.344415854
2.875744989,0.803733584,0.361134711,1.456366636,76.3626948,1.491308297
0.308243378,0.060726109,0.285925075,4.68875766,121.5622383,1.077823699
7.757224551,0.896459404,0.027703355,4.344132794,69.25642692,2.648721884
0.452717781,0.916010331,0.975401367,2.047466315,168.5577353,1.737377484
9.797077239,0.532429496,0.192878262,2.380523455,62.40090366,3.249429674
2.224272042,0.592648092,0.703852229,3.396710554,130.227095,2.401154359
9.653318689,0.220527498,0.687251992,1.226901503,109.3849466,3.440073828
4.967424365,0.081234902,0.785080389,4.484556853,164.0990649,3.169562954
6.101527791,0.51509036,0.663418112,2.911470991,142.5537055,2.671549839
3.607049295,0.417630287,0.794421747,1.918198888,172.5994833,3.251282116
3.068325213,0.341391962,0.347345046,3.334775531,89.32823161,1.773814014
6.203641175,0.57301628,0.631422555,3.417550549,161.1328857,3.333196763
4.103032697,0.074431482,0.85747328,1.391279179,154.8280507,2.576400539
6.262659868,0.93315453,0.033694669,3.936994747,120.2244199,2.566263006
1.378752965,0.985520195,0.770889578,2.315192061,134.9274357,1.617381588
0.522879619,0.378871294,0.903287353,2.562868444,64.42874171,1.665050794
4.485197156,0.953654666,0.952598348,4.164254174,148.6533723,3.072810827
1.691926735,0.64808714,0.787187172,3.417050975,97.55246985,2.369512419
4.865967796,0.340160819,0.644138887,3.602631264,103.6622309,3.17058491
4.387428908,0.484853618,0.554880028,3.746438283,103.9302558,2.937077069
3.402574967,0.238270989,0.488916251,1.020176145,161.9643033,1.813818544
5.008261426,0.776364271,0.579881552,3.908601499,73.1246264,2.909474061
0.592433116,0.54732466,0.68468014,1.276597614,174.6880261,1.539093641
9.866402025,0.084736208,0.193279788,4.215419664,173.7106588,3.708921787
0.399358017,0.576565662,0.498894474,3.110865649,100.4905555,1.68605075
5.554060052,0.674318137,0.602870228,3.632187353,109.4994267,3.17053749
3.368859158,0.554849787,0.319205211,4.559455464,97.06053212,1.90019717
7.193595831,0.265880045,0.638894175,1.200534727,68.82175202,3.466355834
3.227777682,0.109101848,0.855766709,3.569209972,161.4046641,2.823899596
7.053655237,0.650297818,0.882104909,3.647482494,79.24970629,3.762690919
6.639660028,0.641120901,0.316531969,4.611907818,63.29297303,2.9148087
8.813917216,0.198804043,0.37634788,1.416850811,91.7478121,2.656057563
6.445953275,0.168830845,0.697073597,2.434699509,159.9588669,2.692139121
4.872283128,0.758275596,0.900575953,1.693772654,122.0805533,2.392734801
1.217067104,0.065514285,0.97951401,4.833563615,93.90711919,2.348252899
4.478851368,0.944954657,0.798803972,2.091054512,169.6900409,2.634427194
9.115316072,0.433474726,0.970433522,3.52186197,124.5257196,4.626658341
5.25664666,0.152401167,0.441856723,4.703775853,127.1399046,2.874850979
5.934106754,0.166377798,0.527214851,1.513795183,133.1116018,2.703247756
7.669318521,0.755368976,0.628142771,3.821555006,108.5680713,2.866766225
8.423042068,0.078545026,0.44579815,2.731463555,170.8562971,3.384700228
6.307665033,0.83387466,0.168445977,1.408553335,83.1912573,2.116026436
7.632747377,0.407510245,0.055095899,4.324175096,137.5447286,1.966252942
5.513054191,0.963545692,0.153764065,2.22198763,95.7446373,2.471186587
7.231852949,0.640643494,0.494998799,1.422154427,146.1498549,2.623473898
9.950422021,0.890540442,0.863032941,4.159137881,165.3121021,4.803106556
8.403912182,0.943989991,0.642283633,2.483899338,86.24432528,3.29565095
4.227955429,0.99882409,0.598620599,4.246717578,76.65414629,2.719505953
2.036317845,0.691654932,0.439349106,4.067816719,120.0289572,1.632620826
5.771941063,0.188123614,0.922830648,1.315071909,151.0347478,2.854518549
9.891472719,0.310003961,0.163264445,4.196310868,94.75454048,3.327180405
1.266622004,0.985396647,0.979323183,3.003759573,151.6488133,2.980526146
9.338202412,0.694960804,0.46560392,2.053958005,105.999228,3.685638815
3.047564306,0.736360868,0.252912556,4.841745436,131.5310914,2.141105003
3.81186529,0.266889471,0.485256069,4.63012105,156.2017238,2.716747679
6.929069895,0.477134736,0.5615879,1.421082446,167.3693813,3.077170921
5.078352103,0.75701621,0.74333336,1.685306618,139.5203374,2.534830451
8.527915183,0.844578496,0.01693031,3.087598795,127.4332313,2.399974025
9.558943521,0.982608019,0.118146476,4.571921346,157.4666675,3.538538668
2.846404395,0.634215011,0.248058898,2.718131202,130.7827527,1.828792158
6.143318148,0.730594444,0.327465634,3.428694699,136.5339668,2.772720989
9.523527583,0.160514819,0.8758541,4.717113631,150.8935716,4.787694375
2.906861555,0.833978564,0.462296147,3.57082018,150.3010125,1.947571802
4.766042862,0.857270976,0.858425183,4.223451881,128.6958549,3.379619197
3.283604075,0.223817794,0.720223725,4.496120934,114.2947715,2.890771901
7.719293025,0.858029436,0.201919634,4.587573069,121.4678462,2.639575395
2.096092471,0.34745665,0.177164538,1.063597093,72.31972694,1.502619341
9.396500206,0.327981676,0.824419735,3.47441286,101.5771937,3.746104457
5.039429195,0.872287505,0.203580082,1.618879569,102.5393864,1.723479205
5.440481113,0.870377785,0.096297214,4.071726268,67.37041771,2.228120155
1.023045781,0.925871374,0.827051485,3.467178729,109.6396728,2.420874145
5.929596714,0.427914528,0.773491838,4.16777039,79.67560116,3.1785916
8.886009399,0.330908328,0.990997441,4.986615955,95.78165584,5.052037834
5.386633399,0.267229179,0.801411219,3.954496388,111.62012,4.130081373
6.766317282,0.192840931,0.334137174,4.222409493,99.57836659,2.479902835
2.482605722,0.147443265,0.582894534,3.391637821,146.1389766,2.057428088
2.445529134,0.447263924,0.57271202,3.54159542,114.0876394,1.832004487
3.851601749,0.712535291,0.199223918,3.890046842,60.72552251,2.002772674
0.341163552,0.233263544,0.050401456,3.177702802,114.4872787,0.708419633
9.17205725,0.914353029,0.248368768,2.158814258,171.9339736,3.593814998
9.115601895,0.620982409,0.123812929,1.386696531,141.4785258,2.419659698
3.597886244,0.490180001,0.778583119,2.873514765,140.9952883,2.482495033
9.869256982,0.709394323,0.740632518,1.160535163,92.16312288,3.554171754
3.157249588,0.007358612,0.714088177,1.886085757,88.93245677,2.456115837
7.220239473,0.14040324,0.592843057,3.871684332,131.6693885,3.313569717
0.533205494,0.724696786,0.98469455,2.795211987,91.68605391,2.324638635
1.204103471,0.880301265,0.067086102,2.920299457,130.0579182,0.620692099
3.738031824,0.928059521,0.845055031,2.284859644,164.4380207,2.954119156
9.375307238,0.049982227,0.827624665,1.278468317,155.4545738,3.248603813
7.02912228,0.540991665,0.528885471,2.848936685,126.6045235,2.973103988
1.535747027,0.137077733,0.551429495,3.315407949,162.4998919,1.581338721
2.65077711,0.872255205,0.652043292,1.37025628,140.4532498,1.924142638
9.218902418,0.165784046,0.777336614,3.192326637,95.16952412,4.151843196
1.470646924,0.237530084,0.076510118,4.572767404,97.14907207,1.383769302
6.797627986,0.173731777,0.134227881,4.897216913,158.0189419,2.666439795
4.808191757,0.349858846,0.992669121,4.471707519,71.18709842,3.329825279
1.917191426,0.701852077,0.742092759,2.599963073,141.8313045,2.059076085
8.887940969,0.886956962,0.466433697,1.531781084,83.34681423,3.491700452
4.347032215,0.901075912,0.67686753,3.686529533,112.8658518,2.622345224
9.639505816,0.32407903,0.599058637,4.600688998,99.41656024,3.804600186
3.524081453,0.147753352,0.491128662,3.197433971,161.2615776,2.027142652
4.213616638,0.403476903,0.582754981,2.303242071,99.73151368,2.540011242
1.868867616,0.177373886,0.718247476,1.431721566,99.11673596,1.232378357
9.350355177,0.782727176,0.992877871,4.02566463,70.28177107,4.540806242
9.53009677,0.338325946,0.429101773,2.989370413,71.78782303,3.924667044
6.149309564,0.545436496,0.001865775,2.546375673,105.1415343,1.907941722
8.264910407,0.176401355,0.779316794,1.89935282,120.4248438,3.3057065
8.758028265,0.331032084,0.780854615,3.865827887,116.9748835,3.737999608
5.284612378,0.581052629,0.394339338,3.736359761,64.35081483,2.104816843
9.96090304,0.58963818,0.110631467,1.897946116,160.4126821,3.152655004
7.317183069,0.215419399,0.647239796,1.338738306,131.1613003,2.135759857
2.721888709,0.62919543,0.068145342,3.497080531,153.4336024,1.555657542
6.495854833,0.196349195,0.215933882,1.574162822,127.9229514,2.306856785
6.18350051,0.535582247,0.093037688,4.874224772,123.8262898,2.442038289
5.622216681,0.121857341,0.695864815,4.065150634,105.8501994,3.535102889
1.753517342,0.891746118,0.641817688,4.859754852,153.1270789,1.908537166
2.134381716,0.329970773,0.31116153,3.418397586,120.6436094,1.749066697
1.505551184,0.302244135,0.91195112,1.654591764,155.8589392,1.779268606
4.111555269,0.778580108,0.361480877,2.907799855,70.69273255,2.15403478
2.790396184,0.349149095,0.387189128,3.136936735,150.0195438,1.480754984
8.214755425,0.883020425,0.287582263,2.089056392,118.1623266,2.952400629
3.946734524,0.813601391,0.256978124,2.991552476,106.4941923,1.763828456
2.166023694,0.562514584,0.334273938,1.728522376,122.3738104,1.757455783
9.079360293,0.991954776,0.921582999,1.497089758,79.26184297,4.048241874
8.159455636,0.191889988,0.141501481,1.222752574,150.066732,2.40593589
9.766648136,0.716084272,0.826643124,2.076205111,173.255714,4.594275605
1.564721086,0.0669046,0.203501605,4.354434776,161.8283624,1.357049746
6.791595471,0.146444105,0.291210563,3.06663434,171.8221639,2.238341568
5.011041216,0.628889874,0.869092266,2.526819726,126.743819,2.759792971
0.935235907,0.476572762,0.773011348,1.827614899,91.58289517,1.710161729
4.246301834,0.685472569,0.695527604,1.141865438,127.1169226,1.886318995
2.888497774,0.957858739,0.988124703,3.776361862,82.03717055,2.818841476
4.409994775,0.23116244,0.466252929,2.169653601,129.5399213,2.233061641
8.213832834,0.165496043,0.668111824,4.208063059,144.0318989,3.628543782
2.101816681,0.739038257,0.885995436,2.255031485,157.2667495,2.233307506
9.814305228,0.725014254,0.441133409,2.962875845,147.5225954,3.405262254
1.43303669,0.486727477,0.186023656,1.99038021,171.5536715,0.379566224
7.609479957,0.012415798,0.319982002,4.991137378,132.4263071,2.907064011
1.301157098,0.263824783,0.493237037,2.41992849,122.918727,1.266472122
3.538531915,0.536769226,0.861670343,2.288887185,78.24225278,2.686961559
5.290365432,0.699281297,0.13644727,3.397579982,76.89778671,2.179318987
3.584092159,0.408968701,0.073265475,4.94316723,90.50328625,1.648658358
2.700243543,0.861427259,0.507502834,1.726746044,154.5856502,1.391297263
7.439415078,0.389265169,0.439121512,2.97440833,138.4536212,3.165623257
9.21541909,0.381638382,0.625789866,4.442228285,60.83019308,4.09850312
2.219042966,0.469461745,0.835864363,2.899860147,66.16374907,2.3283848
2.116887493,0.948917067,0.344299571,2.137638324,147.9131076,1.56335829
0.449693878,0.720321241,0.903753836,4.789996793,142.3996291,2.435071278
5.868412623,0.085377291,0.423072709,1.145446902,131.1594219,1.468198224
6.867147577,0.497195126,0.799827706,3.95493732,137.660442,3.625136726
3.596569868,0.136815476,0.847163265,1.419753083,133.1260368,2.617829838
0.170331679,0.744536445,0.057365003,4.32488621,80.50183998,1.005635656
5.059685875,0.672016731,0.439450145,3.894709618,154.5706369,2.975293333
9.238040773,0.129616207,0.726661982,2.955283606,149.9595427,3.830713494
7.985167271,0.343540572,0.064680269,1.637132906,91.20553792,2.197169701
2.491842075,0.680265031,0.661213246,3.514368933,115.0681374,2.539285324
9.423516724,0.590475432,0.210497129,2.975488511,150.9400908,3.127750465
6.817180581,0.929496543,0.609370357,4.3681184,178.1164259,3.311751369
3.814148067,0.54806455,0.227445593,2.806843666,146.422207,1.511609276
1.524597709,0.566002153,0.632355109,3.177413949,139.7469648,1.541979578
6.531445205,0.81515582,0.916455805,3.39252225,122.0397103,3.581629362
9.223497032,0.502989389,0.662401441,2.282828661,99.70336428,3.145602814
3.356592182,0.254034631,0.619925622,3.577465258,73.07152631,2.350379065
1.537382958,0.815310112,0.121628189,1.341712423,86.98901769,1.093525583
3.206192597,0.888099489,0.061366557,2.086834664,146.2201033,1.065562987
4.752987249,0.620431376,0.783517579,1.464981501,179.4337274,2.801760342
1.645924682,0.914860034,0.098630126,2.136496781,116.3368742,0.854205589
0.614169919,0.873132953,0.104964216,1.264951955,162.4101086,0.353257894
0.256281586,0.83216287,0.569994751,4.45382402,74.53600222,1.813031435
1.383796485,0.910755103,0.667804128,1.086992513,69.06013042,1.822081912
7.1112676,0.503828418,0.879389339,1.189183423,68.14325743,3.585267277
5.454396499,0.270775205,0.871905206,3.550928686,63.48755716,3.596565654
9.76273588,0.651020756,0.138067869,4.762055107,104.6784754,2.990106679
6.341363203,0.401362826,0.485697149,4.203152194,120.0584107,3.512921316
1.158103951,0.565118026,0.877611916,1.700988029,79.02500696,1.986551704
6.82832388,0.421175575,0.497201023,1.230698824,90.60329242,2.638354692
5.70970681,0.163219145,0.018759163,2.198220361,155.4170416,1.988729552
6.188318177,0.757519924,0.702897486,2.328825059,162.9695538,2.89447752
6.605533104,0.004765597,0.251989204,3.867290297,111.7529016,2.444840486
6.784463543,0.147445814,0.592927095,3.58835115,100.6440607,2.745468102
7.418278839,0.491207905,0.905869751,4.789678394,134.0861408,3.751111511
9.762721453,0.438377689,0.3579889,3.391148878,139.2806877,3.082052364
9.924962019,0.630400988,0.028307,3.670394604,95.11511409,3.589714749
4.162181458,0.492265657,0.307392201,3.46361522,94.82218085,2.515217709
8.95835354,0.275986616,0.673107837,1.368591885,93.18805166,3.632122824
8.660299602,0.917250966,0.824071741,2.051204296,124.5344058,4.132912908
2.199741358,0.581423849,0.28497446,3.462775741,132.5640914,0.890683154
1.603251034,0.440318592,0.367664862,3.08293838,137.4971058,0.794422582
6.204375844,0.681109313,0.12015403,4.588797897,99.18217825,2.741067368
8.216267138,0.061466025,0.534714838,4.364718317,111.3147789,3.924380588
5.423139139,0.673087654,0.125745156,4.601835595,62.55597101,2.791017561
3.854211087,0.964483072,0.394805068,2.895591285,135.9370718,1.940323441
8.087238266,0.784768502,0.029243056,4.977519482,129.426491,2.666608447
2.321906913,0.221328312,0.115065345,3.390132783,102.5339564,1.352761261
0.363720728,0.819955672,0.750138558,1.184488483,140.121703,1.134180979
4.066170043,0.240661566,0.339725993,4.232070087,107.9324796,2.745026793
0.288165737,0.028736833,0.394261686,1.776376164,132.3095499,1.148942777
9.208132436,0.245713592,0.604403961,1.950374618,83.54460672,3.768894822
1.535659401,0.951571777,0.707412457,2.850207524,82.01137754,2.421542749
9.53640729,0.425396757,0.114432815,4.819585115,97.66865906,3.402142801
1.550646045,0.967489944,0.02655717,3.282983933,79.24975745,0.605533422
0.709759038,0.65842684,0.123793702,3.548676868,123.8742216,0.828983726
7.971091499,0.34198312,0.321670275,2.764308695,124.0860602,3.428607635
9.606092476,0.371787093,0.632261313,1.260707728,130.5886617,3.437945131
3.504772353,0.138378473,0.16616146,2.536741657,178.0482214,1.924097699
1.947895507,0.551350723,0.251179109,1.982703912,151.0887576,0.946052523
1.34944027,0.206002019,0.478108401,3.317702781,148.2285184,1.36679496
7.192109145,0.951882053,0.802720008,4.057717679,70.87606512,4.194192703
7.871580007,0.011277091,0.529427169,4.022303673,167.6315271,3.489385806
4.713028361,0.346676412,0.683841741,3.213517972,165.7076586,2.611390805
4.654433905,0.305525877,0.622616967,3.472724098,154.5821923,2.802270484
3.68750756,0.775019357,0.463734501,1.871458836,104.97383,1.919929967
5.738679433,0.835383182,0.870933077,4.939000396,150.5906291,3.707012405
0.227762351,0.016302894,0.793298036,2.417512819,108.7315097,0.956837983
6.126827169,0.801834706,0.742101781,1.09780838,64.54273575,2.964513817
3.024096474,0.148892256,0.9845468,1.40689199,89.64958855,2.754514722
9.003533898,0.197735691,0.090635153,2.989214584,94.63102134,3.131751363
9.996166135,0.030052203,0.124555619,4.726808939,60.43855946,3.265453982
4.095698632,0.395552126,0.88343959,3.411610678,136.907157,3.253975417
8.931149043,0.50331165,0.847629459,4.129285236,79.5450141,4.451817168
9.754970517,0.389314123,0.813664745,3.06168121,77.75380605,4.049219033
8.840074712,0.416709458,0.380367912,4.430522671,93.09159849,3.314735967
3.85907072,0.421050254,0.26896368,4.68961359,129.1776657,2.072541574
1.408269717,0.093434,0.94152653,2.028290466,168.3383659,1.88269048
5.966960922,0.435992288,0.310392768,2.184774605,146.1948564,2.18173551
6.462929171,0.803498569,0.772273479,3.724500857,84.86869776,3.676701063
2.147608017,0.876836836,0.516577843,4.759758315,164.3919658,2.31734821
1.740916684,0.635209366,0.018763678,2.486697918,177.0319376,0.863482428
1.242172248,0.669827124,0.903475311,4.643477717,137.393187,2.087663131
0.716157398,0.605313623,0.249167646,1.771435426,171.0583364,0.211555716
1.437976462,0.709536185,0.964327912,2.94095184,132.4056388,2.63310591
7.527215388,0.559507179,0.378841578,2.120848703,81.80225735,2.866024169
7.460946663,0.330858005,0.231099518,3.372212238,147.9067567,3.155431609
1.452011435,0.145782084,0.294271923,3.427003906,176.1409001,0.834328362
5.965776935,0.912183472,0.692489759,1.583263538,156.7801972,3.420149787
1.126947471,0.069241601,0.416869843,4.925258016,97.39288107,2.026150312
4.905775829,0.893531659,0.268051473,4.587373301,66.97581573,2.29960751
3.044559379,0.732039052,0.942682804,2.366491048,150.1024358,3.354828962
1.440527262,0.103155469,0.00679175,3.229024796,87.36058296,0.565541342
4.311374099,0.657531526,0.416443281,2.894240255,151.3142322,1.634596707
5.430162567,0.039171109,0.493534175,1.480981676,162.7253442,2.385955019
3.251343859,0.88477805,0.149813641,3.774433488,159.2296445,1.952612898
6.32702695,0.209895281,0.092262958,4.546313331,124.6594473,3.296786874
4.090852176,0.194686167,0.308720762,3.359415634,138.6106109,2.410260418
0.881563443,0.617718855,0.580333649,1.534481639,141.3464681,1.474323069
5.313880656,0.189063499,0.053739551,2.032669891,127.9457936,1.906435736
7.488665597,0.373483688,0.898739913,3.169328608,63.61103487,3.615943444
7.543376861,0.831423666,0.158756145,3.527219156,158.2681203,3.03800761
7.923826559,0.167476405,0.424988369,4.799733184,94.08302032,3.158087194
3.962157776,0.562143451,0.918497306,1.415106389,109.8549405,2.991474759
0.247297751,0.669684769,0.388521574,1.539763824,77.99230469,0.850010672
1.818624298,0.383535786,0.080623318,2.375993051,116.2883922,0.463065449
9.208486427,0.032721782,0.204447031,3.935939585,135.1649194,3.181406122
6.584362464,0.584297917,0.848548661,1.650872987,111.9865522,3.25470451
8.629108326,0.190351854,0.177316321,4.079954675,138.0707765,2.46838176
5.321864983,0.622850694,0.745380825,3.571435354,65.96322813,2.668076614
2.170292202,0.751467521,0.426786264,3.667297914,135.7098693,1.801599307
3.723001249,0.422894098,0.04205708,4.441839452,164.1025011,1.074207753
8.451079844,0.706417194,0.833719941,3.067238268,156.9401612,3.760862044
8.286588206,0.849331001,0.528110529,1.812899428,67.45672952,3.333454902
7.638720942,0.503247664,0.170022945,2.618198929,134.3311212,2.48322575
0.493549169,0.86506038,0.453041502,1.010634065,148.0126461,0.636994228
6.043363168,0.434025302,0.583876979,3.286663141,157.7856439,2.463729687
1.179344651,0.353782748,0.138221411,4.791110087,158.8038425,1.518667734
4.366471882,0.505051234,0.44402566,2.237500212,168.5642516,1.84620566
1.367297751,0.959542115,0.894605568,2.847215878,134.7543186,2.548922931
1.68449045,0.974016949,0.409781126,3.371483424,172.5518252,1.558814618
6.160794636,0.944552256,0.828553469,4.834411119,96.83906527,3.65308381
9.440132358,0.204374338,0.762631334,2.35776087,123.6277196,3.782999691
8.566757934,0.435271101,0.724634095,1.191770942,136.303384,3.025517108
5.677327627,0.423326169,0.983454982,3.625872123,110.0886959,3.435203598
4.882404919,0.985730735,0.922073611,3.640595287,65.57143979,3.096303256
8.763639592,0.239477685,0.743907304,2.618202764,143.1086739,3.768137378
5.993841792,0.299059957,0.122952056,4.405225808,169.735324,1.987245618
8.163815536,0.718399081,0.822902792,1.61100513,80.36646944,3.844248781
1.11696046,0.219665775,0.296869427,1.585310497,164.0111177,0.938111927
3.009424958,0.705313802,0.011145674,1.818270148,61.32921919,0.862042049
5.761974037,0.74316293,0.001367867,3.527834653,107.6568629,2.331585681
9.499352886,0.624363323,0.478175817,2.298395212,83.33313533,3.05470823
6.688001415,0.802059617,0.07317721,1.552806978,61.38415798,2.487257325
6.376473417,0.4793933,0.247998177,4.248571178,109.3463359,2.976650474
8.605647306,0.73366554,0.369386742,1.877512549,170.7365462,2.858843898
5.196591609,0.90350344,0.141865522,4.416126476,162.5944917,2.275219498
3.471887251,0.387687059,0.207149685,4.820755246,81.33771649,1.923526033
5.755652646,0.000409226,0.353600814,1.750943829,177.774975,1.883746423
3.458636106,0.442842514,0.174877442,4.771422674,156.6920759,2.065578544
1.195980469,0.427648119,0.951541922,2.708054472,94.28980106,1.83275655
4.249370659,0.877157666,0.184414074,4.901233582,72.52350371,1.800124041
2.69951682,0.189490938,0.51330238,4.987833794,177.5210224,2.00042938
1.780390652,0.456806567,0.025524613,3.448629421,178.5131331,1.299119897
5.751555265,0.541595946,0.992055824,2.953283876,77.55142241,3.229226664
2.066744843,0.530152682,0.717941913,2.605263112,112.9240731,2.314228251
8.891130416,0.866949484,0.256239821,4.074091724,134.3585524,3.652147284
4.860912018,0.895168419,0.463645252,3.843779314,124.8264867,2.390096158
3.029169035,0.752127549,0.172439518,2.64168876,79.95043403,0.989846234
6.420795306,0.082310469,0.682789758,4.162181368,73.72867711,3.05677489
7.281399308,0.622772293,0.153924175,4.808935067,140.3975996,2.82282273
7.376675853,0.685860482,0.332029299,3.247461891,114.4218554,2.946226836
3.826228601,0.482943469,0.459160102,4.322918384,141.0618064,2.335915819
7.655050454,0.529535534,0.855344595,3.331555711,92.08102953,3.50234075
3.246020551,0.790019504,0.791875594,4.775973628,172.0373271,3.105626898
6.527944194,0.820157854,0.400543077,1.665721161,115.59447,2.556286972
8.569338887,0.480990566,0.754994892,1.406714388,142.4440367,3.546633088
1.830784046,0.990255704,0.202642781,1.327888036,168.6054245,1.46170372
6.013843503,0.952864465,0.422975317,3.948950401,163.1503334,2.781487591
6.958653752,0.536982806,0.064500249,1.916059348,125.5298101,1.679642066
3.787438701,0.274609187,0.974866939,4.425898286,82.94697071,3.03883036
0.150385592,0.124314503,0.561043185,1.053365548,82.30767433,1.010176412
7.938043667,0.317463001,0.08357404,4.780822711,177.233322,2.65166311
0.0537659,0.772235211,0.260030734,3.478966698,167.0828642,0.845388622
3.118925839,0.603932058,0.696613447,1.670955121,122.3798419,2.315522569
8.494367341,0.74611848,0.193617423,1.394568872,172.0627815,2.55184588
7.776969974,0.777671924,0.374574112,2.293382822,85.30578817,3.285864115
9.132860595,0.815969739,0.33231973,1.227446001,71.94343953,3.025841389
4.090640459,0.020540958,0.170438637,2.616740411,163.4372923,1.295187473
5.845551971,0.907832998,0.366034258,3.813229284,80.55185752,3.031502267
8.261073621,0.010060917,0.559581526,2.856755023,151.138872,3.261333779
7.25997896,0.114891493,0.655199253,1.687437785,160.627508,3.197748958
7.95295418,0.720344956,0.817973829,1.243203272,142.3482673,3.674151499
7.536285333,0.649679651,0.599429848,1.490563962,70.10835044,3.306000519
3.755493445,0.543248365,0.690286037,4.097203884,77.34073995,3.259198343
5.332265158,0.988523845,0.712706042,2.885912186,163.2572589,2.846761067
9.321955801,0.406504512,0.608720636,4.966174858,161.4681106,3.951523021
3.965745871,0.895463969,0.890510846,4.180355613,138.6815409,2.940534063
8.39129513,0.379116,0.943791426,4.701020092,143.1477103,4.875576566
8.790249085,0.846029725,0.703519284,4.077017273,156.5503168,4.167705729
5.525265652,0.462744637,0.511461241,1.040780674,100.6909046,2.867157349
2.923951081,0.244662977,0.194783169,4.931993319,139.9599157,1.334218995
6.883451704,0.254103012,0.010485671,3.889373408,62.75717909,2.626048927
3.052518586,0.413306499,0.308889471,4.38552174,104.2784633,1.8770362
9.951471645,0.329038063,0.794663728,4.87724504,133.5989126,4.354409207
7.980448161,0.370255577,0.007730923,2.391530235,103.4105475,2.484070386
5.418519204,0.886241059,0.884401919,1.698482221,89.9138392,2.803671184
4.575678222,0.072713426,0.790133569,4.143613417,75.80185189,3.250477
7.112173079,0.657197608,0.310627213,1.877145607,174.1619422,2.294113731
4.538766951,0.103987508,0.09501087,3.976351313,136.1542273,1.591837473
0.960051756,0.58567666,0.004888156,1.986572098,118.9699527,1.06634306
8.291570398,0.015298216,0.951355539,3.95807896,176.3446775,4.006049647
6.139112988,0.708574341,0.396137386,4.343111056,88.93311258,2.916059655
8.485359233,0.903094412,0.478383205,4.205454691,86.22948198,3.309913079
6.902511644,0.277018295,0.877215941,1.9133645,147.4798641,3.49387241
6.8923087,0.504589203,0.934171646,3.830994424,139.5191667,3.641664593
1.932986503,0.00795908,0.109647816,3.043872572,124.4123491,1.71565294
7.676746251,0.927729568,0.439825365,4.15484066,79.94812525,3.683419832
6.521947333,0.663803963,0.326024204,3.495824348,103.6584369,2.794168289
4.643160107,0.035140413,0.686926943,4.317379363,75.6835366,2.655863502
5.612671896,0.724029407,0.603635812,4.692193639,67.56685015,3.209041388
1.270753787,0.427619272,0.065143432,1.736593361,111.2688872,0.933739206
3.88121326,0.937302584,0.595035567,2.622928571,170.460497,2.19191238
1.776070416,0.319761283,0.253904262,4.765904806,162.555912,1.536984943
3.734943341,0.271317157,0.950942522,3.161794913,150.9353799,2.76834538
1.227414328,0.157093634,0.248041693,2.707027253,95.4312603,0.711119702
3.429735549,0.838018233,0.834450147,3.144573814,60.44191618,2.999319428
5.148236999,0.52393385,0.964425641,2.83802146,156.9685133,2.561861263
7.624207354,0.407525981,0.779582524,3.332572868,62.55935021,3.687319916
9.071319081,0.521370964,0.582411992,1.401489263,102.9198592,3.873571712
9.074986515,0.709806511,0.999638922,4.228343549,77.97169592,4.307774846
8.520366031,0.287998144,0.241396819,4.742302686,126.8652534,2.5398392
7.140720304,0.138668817,0.23665607,2.451503587,111.2885263,2.764438622
5.824725944,0.342701343,0.886721774,3.612027791,166.7478957,3.764175414
0.545188324,0.871588285,0.465260026,1.386129769,92.65644579,1.32484659
6.535935378,0.792671193,0.778194597,2.470777854,166.2526715,3.07627656
8.51240718,0.226065657,0.861305572,4.852860035,76.46740538,4.187614136
0.252800037,0.249920593,0.028558001,4.491912775,149.506827,0.626490437
3.056990483,0.71899632,0.408062823,2.40378115,134.8454249,1.355719998
9.7813337,0.948610814,0.440549563,4.571159931,106.924736,3.45615622
3.472420867,0.942732484,0.674886484,2.507957068,103.5688003,2.147855788
5.05719416,0.882231775,0.683524045,3.639428763,146.9848641,2.89447092
9.398719306,0.768026782,0.214655456,3.218354022,97.51509732,2.860515328
8.331521581,0.029704263,0.428103863,1.732524316,69.32538745,3.199950985
4.897987105,0.449223873,0.923977667,3.029529226,162.5431265,2.42030892
0.274918209,0.605465067,0.517593558,3.433693901,135.3498075,1.219461901
5.373176303,0.084806236,0.777335871,2.607435492,162.1644163,2.804824935
0.240308143,0.140821178,0.565180464,2.374764647,89.81345683,1.381747038
6.87384114,0.281747738,0.608501143,1.1315498,77.45611398,3.423049801
0.647576162,0.464352228,0.659373337,2.058192387,171.6499934,1.535508234
8.332059868,0.371741927,0.265221281,4.583316491,164.9904424,3.035004503
4.568611722,0.417169934,0.47666883,3.684272393,107.0947157,1.591627799
7.2294877,0.920912931,0.245624941,4.796102992,84.74495874,2.649779945
3.863177341,0.536394721,0.67698921,1.099949768,162.270269,2.151586049
7.747107538,0.162565952,0.424514255,4.278945709,128.6182443,3.207027197
8.185749862,0.762072334,0.292936352,1.602083108,141.3375008,2.894849358
2.289657988,0.745565229,0.309869356,4.182361458,113.0545265,1.742619011
2.076250652,0.558730058,0.178638532,1.882572034,96.16689986,1.08307198
9.920490544,0.495565406,0.593494848,3.660602538,149.3428039,3.596546052
8.889336545,0.395943543,0.853616478,4.156797342,152.9923531,4.324659702
5.06792492,0.27145115,0.523016427,1.360996952,68.4557158,2.286364148
3.862017198,0.263595827,0.082461005,3.469926944,169.9420862,1.955998683
0.002663208,0.45966281,0.946465492,4.045304135,169.7530809,2.114562158
0.908042486,0.022075712,0.888540714,3.950097094,95.49673432,1.545923249
1.74597916,0.581716933,0.97065075,3.333894833,86.79322793,2.551528621
3.127480956,0.697844861,0.031472424,2.994832487,172.6914614,0.901088678
8.787482366,0.483550266,0.082734601,2.896610572,92.2564136,2.870759755
7.173272934,0.215488191,0.868387105,1.111958278,81.90746253,3.331768197
0.553888266,0.393968465,0.151709791,3.145390341,128.2498453,1.101693532
4.114926585,0.334267096,0.14361082,3.703087507,158.0299372,1.382262403
6.945806955,0.184419737,0.784479596,2.583819666,70.14007135,3.228768464
9.666995612,0.586794745,0.916856145,3.219920846,135.3500419,4.414544945
1.220082074,0.332252492,0.989045458,1.600660837,95.08505878,2.03988932
6.063100956,0.53619317,0.006221238,4.374164671,149.2213596,2.181577964
3.297542444,0.89617081,0.553544729,2.764186343,127.9843252,2.03040995
9.263010413,0.660795084,0.165038533,4.491258284,74.37498002,3.381486689
1.125508735,0.039743073,0.160826832,3.68362606,156.0221943,1.896328201
2.217945335,0.685866018,0.013410339,2.536181764,143.0137529,1.478784282
0.459573805,0.04577443,0.425391866,1.892962243,138.0683322,0.617356541
4.837804361,0.771466932,0.44097193,1.047739308,145.7538291,2.101471802
9.899352632,0.057078984,0.979785869,3.277456435,142.6890049,5.016467753
8.239936621,0.400761244,0.326399431,3.626177188,130.1473062,2.831672303
4.331718546,0.185483451,0.484869905,3.118534646,149.4451939,2.164301116
5.596571223,0.642228015,0.782158914,4.013315787,67.17373201,2.857566475
4.842602878,0.391521587,0.625559249,3.125994693,124.7651869,3.046873302
1.945597991,0.763113202,0.769620725,3.4856135,155.9498206,1.893825282
6.020124192,0.565067335,0.548772454,3.079923352,169.8715942,2.57848308
5.855125092,0.661229663,0.822765109,3.168094342,79.00746105,2.872345908
6.466191546,0.363135646,0.660541263,2.731812872,79.37332544,2.932281953
0.280428074,0.717944085,0.728866062,4.12791088,91.38297332,2.227717635
3.033083415,0.431454451,0.227539628,1.884273552,173.0414711,1.246874688
2.819271492,0.718041215,0.391875536,2.138048085,97.46456518,2.097922062
4.807474104,0.521991718,0.678754147,3.636233572,78.63567785,2.496345176
0.809039233,0.518261439,0.887231688,1.017318378,91.76300404,1.350603255
7.421817424,0.328463103,0.907233906,3.277598381,106.3535984,4.386104534
9.601188316,0.521721156,0.685575084,4.273998234,141.0341343,4.785104162
4.434642928,0.735001838,0.100929666,1.499812525,101.5631552,1.713532832
1.003091466,0.527819328,0.491007851,2.62618438,173.6972062,1.10665116
2.274029756,0.050530277,0.409232731,2.58006118,115.5895128,1.858428973
9.139310457,0.326505889,0.428837321,2.087002827,163.5483762,3.159678541
1.676851314,0.578265027,0.986283625,1.07333489,66.21727894,1.746260712
